episode,reward,loss,makespan,avg_makespan_10
1,-683.4711062020973,112.84926549593608,57.81732030981997,
